arm,n_records,strict_accuracy,n_strict_accuracy,canonical_accuracy,n_canonical_accuracy,coverage,hallucination_rate,n_emitted,precision,n_precision,recall,n_recall,f1,anls,n_anls,absent_abstain_rate,n_absent,present_emit_rate,strict_accuracy_needs_norm,n_needs_norm,canonical_accuracy_needs_norm,strict_accuracy_verbatim,n_verbatim,mean_verify_iters,grounding_exact,n_grounding_exact,grounding_iou,n_grounding_iou,grounding_token_iou,n_grounding_token_iou,provenance_claim_rate,n_claimable,ece,ace,mce,brier,nll,aurc,error_auroc,mean_confidence,n_calibration,verify_iters_per_doc,verify_reselections_per_doc,verify_arith_checked_frac,verify_arith_ok_frac,eval_seconds,seed,ablation,kind,switch,train_seconds,n_params,wall_seconds
model:full,3200.0,0.8825,3200.0,0.94875,3200.0,0.8640625,0.0,2765.0,0.9877034358047015,2765.0,0.9462924462924462,2886.0,0.9665545921075916,0.8763993283224052,2886.0,0.9713375796178344,314.0,0.954954954954955,0.0,211.0,0.995260663507109,0.9416822429906542,2675.0,0.0709375,0.9909288824383164,2756.0,0.9910627147334182,2756.0,0.9909288824383164,2756.0,0.954954954954955,2886.0,0.0692915455540087,0.0692915455540086,0.4337848594726571,0.0361831036001443,0.1261957935175114,0.0013772900974372,0.9057552717168889,0.918411890250693,2765.0,0.625,0.5125,0.865,0.8526011560693642,1.8633549999794925,0,full,training,none,195.82942889997503,108892.0,1.8649542999919504
model:full,3200.0,0.8846875,3200.0,0.9490625,3200.0,0.8759375,0.0,2803.0,0.987513378523011,2803.0,0.9498970487302676,2914.0,0.9683400384817212,0.8814878364981317,2914.0,0.9405594405594404,286.0,0.9560741249142072,0.0,214.0,0.9626168224299064,0.9488888888888888,2700.0,0.0703125,0.9935391241923904,2786.0,0.993590183590563,2786.0,0.9935391241923904,2786.0,0.9560741249142072,2914.0,0.0729775689847971,0.0729775689847972,0.4408814026261564,0.0371166911033625,0.1298401388930921,0.0023113013961494,0.8511560693641619,0.914535809538214,2803.0,0.6075,0.49,0.925,0.8702702702702703,1.2417857999680564,1,full,training,none,230.0071359000285,108892.0,1.243032000027597
model:full,3200.0,0.8990625,3200.0,0.9659375,3200.0,0.8915625,0.0,2853.0,0.9894847528916929,2853.0,0.9667808219178082,2920.0,0.9780010393209769,0.8975564922140266,2920.0,0.9571428571428572,280.0,0.9729452054794521,0.0,215.0,0.9813953488372092,0.9645101663585952,2705.0,0.0525,0.9936642027455121,2841.0,0.9938029673935358,2841.0,0.9936642027455121,2841.0,0.9729452054794521,2920.0,0.07558518425134504,0.0755851842513451,0.4836971408116039,0.03887310743639362,0.1351132923043126,0.0017739565618467704,0.8593930806470658,0.9138995686403478,2853.0,0.45,0.3925,0.8675,0.9106628242074928,4.828686700027902,2,full,training,none,377.4588737000013,108892.0,4.830832700012252
model:no_2d_pos,3200.0,0.8578125,3200.0,0.9196875,3200.0,0.8778125,0.0,2809.0,0.9512281950872196,2809.0,0.925848925848926,2886.0,0.9383669885864796,0.8715535061688908,2886.0,0.8630573248407644,314.0,0.9584199584199584,0.0,211.0,0.924170616113744,0.924859813084112,2675.0,0.084375,0.9660159074475776,2766.0,0.9664687540404772,2766.0,0.9660159074475776,2766.0,0.9584199584199584,2886.0,0.1506955857160238,0.1507731263299335,0.5440923107217905,0.1022310613871703,0.3080842076569101,0.0129409413292314,0.8030317103020237,0.8005326093711959,2809.0,0.7075,0.65,0.825,0.8727272727272727,9.26231140003074,0,no_2d_pos,training,use_2d_pos=False,161.44763810001314,103708.0,263.7399036000133
model:no_2d_pos,3200.0,0.8640625,3200.0,0.9234375,3200.0,0.8646875,0.0,2767.0,0.9671123960968558,2767.0,0.9183253260123542,2914.0,0.9420876606231298,0.8659197700035036,2914.0,0.9755244755244756,286.0,0.9471516815374056,0.0,214.0,0.883177570093458,0.9207407407407407,2700.0,0.1334375,0.9695652173913044,2760.0,0.969978339684172,2760.0,0.9695652173913044,2760.0,0.9471516815374056,2914.0,0.1792393391234999,0.1792393391234998,0.6351382724456623,0.1122343495591307,0.3332780544078681,0.00928768121262,0.783615860970121,0.787873056973356,2767.0,1.115,1.015,0.91,0.8406593406593407,14.389685300004205,1,no_2d_pos,training,use_2d_pos=False,227.20494210004108,103708.0,345.0319975000457
model:no_2d_pos,3200.0,0.8803125,3200.0,0.9446875,3200.0,0.8921875,0.0,2855.0,0.9712784588441331,2855.0,0.9496575342465754,2920.0,0.9603463203463204,0.8887813328224287,2920.0,0.8928571428571429,280.0,0.9674657534246576,0.0,215.0,0.9395348837209302,0.9489833641404806,2705.0,0.07125,0.9815929203539823,2825.0,0.9818627413954412,2825.0,0.9815929203539823,2825.0,0.9674657534246576,2920.0,0.12795620326347484,0.12795620326347476,0.5433335244391844,0.07526297989800546,0.23817282884111876,0.006808867123698637,0.8177768200328956,0.8433222555806583,2855.0,0.5925,0.52,0.885,0.8870056497175142,18.45761909999419,2,no_2d_pos,training,use_2d_pos=False,226.80441729997983,103708.0,604.5436325999908
model:no_spatial_bias,3200.0,0.8340625,3200.0,0.8984375,3200.0,0.825625,0.0,2642.0,0.9769114307342922,2642.0,0.8943173943173943,2886.0,0.9337916063675832,0.828985790524252,2886.0,0.9363057324840764,314.0,0.9085239085239084,0.0,211.0,0.976303317535545,0.8878504672897196,2675.0,0.168125,0.9843630816170862,2622.0,0.9845003533246534,2622.0,0.9843630816170862,2622.0,0.9085239085239084,2886.0,0.1254380149114665,0.1254380149114665,0.6944003309175935,0.0845503202596822,0.2497686468691758,0.0037498768660021,0.8629327811688188,0.8514734158228257,2642.0,1.385,1.2975,0.875,0.7314285714285714,9.933266900014132,0,no_spatial_bias,training,use_spatial_bias=False,95.6160319999908,108560.0,172.06917610001983
model:no_spatial_bias,3200.0,0.854375,3200.0,0.91875,3200.0,0.8490625,0.0,2717.0,0.9834376150165623,2717.0,0.9169526424159232,2914.0,0.949032143491387,0.8494870035021028,2914.0,0.9370629370629372,286.0,0.9262182566918326,0.0,214.0,0.9626168224299064,0.9133333333333332,2700.0,0.150625,0.989996294924046,2699.0,0.9902113862174234,2699.0,0.989996294924046,2699.0,0.9262182566918326,2914.0,0.1197788626504708,0.1197788626504708,0.6499982668970273,0.074806977631158,0.2272474277302411,0.0026302233600586,0.8684298070525616,0.8636587523660915,2717.0,1.2575,1.15,0.94,0.7872340425531915,28.042037400009576,1,no_spatial_bias,training,use_spatial_bias=False,150.80601379997097,108560.0,314.4377088000183
model:no_spatial_bias,3200.0,0.8465625,3200.0,0.9115625,3200.0,0.8453125,0.0,2705.0,0.9804066543438078,2705.0,0.9082191780821918,2920.0,0.9429333333333334,0.8432048488041639,2920.0,0.9464285714285714,280.0,0.9212328767123288,0.0,215.0,0.9534883720930233,0.9035120147874307,2705.0,0.150625,0.9858736059479554,2690.0,0.9862610421390587,2690.0,0.9858736059479554,2690.0,0.9212328767123288,2920.0,0.12738588918103752,0.12874477389724773,0.6561411573823088,0.08277015001354734,0.25223533154422534,0.005155755103145016,0.8059848032101085,0.8530207651627703,2705.0,1.2375,1.1525,0.885,0.7627118644067796,8.981323199986946,2,no_spatial_bias,training,use_spatial_bias=False,166.37949090002803,108560.0,383.52359100000467
verify:conf_threshold_0.5,3200.0,0.859375,3200.0,0.9221875,3200.0,0.8396875,0.0,2687.0,0.9873464830666172,2687.0,0.9192654192654192,2886.0,0.9520904360308632,0.8522349272349273,2886.0,0.9490445859872612,314.0,0.9255024255024256,0.0,211.0,0.943127962085308,0.9166355140186916,2675.0,0.0503125,0.9932609509546986,2671.0,0.9933289859197986,2671.0,0.9932609509546986,2671.0,0.9255024255024256,2886.0,0.0450278431559962,0.0450278431559962,0.2657911761267435,0.0221466162621189,0.0900940523058921,0.0014972260247866,0.9006563047382541,0.9423186399106208,2687.0,0.4325,0.3475,0.67,0.8955223880597015,1.850150600017514,0,conf_threshold_0.5,inference,min_confidence=0.5,195.82942889997503,,
verify:conf_threshold_0.5,3200.0,0.859375,3200.0,0.92125,3200.0,0.851875,0.0,2726.0,0.9856933235509904,2726.0,0.9221002059025396,2914.0,0.9528368794326242,0.8561502384597786,2914.0,0.9125874125874126,286.0,0.926904598490048,0.0,214.0,0.9252336448598132,0.9218518518518518,2700.0,0.0475,0.994816734542762,2701.0,0.9949309223810994,2701.0,0.994816734542762,2701.0,0.926904598490048,2914.0,0.0490454552081561,0.0490926178315721,0.2917993068422153,0.0247540948285018,0.1014701892314687,0.0032828649986119,0.8219060433425897,0.9366478683428344,2726.0,0.4125,0.3075,0.7125,0.912280701754386,1.2197777000255885,1,conf_threshold_0.5,inference,min_confidence=0.5,230.0071359000285,,
verify:conf_threshold_0.5,3200.0,0.8728125,3200.0,0.9334375,3200.0,0.8584375,0.0,2747.0,0.9905351292318894,2747.0,0.9318493150684932,2920.0,0.9602964531498148,0.8684512937595129,2920.0,0.95,280.0,0.935958904109589,0.0,215.0,0.8930232558139535,0.934195933456562,2705.0,0.038125,0.995609220636663,2733.0,0.995673400864035,2733.0,0.995609220636663,2733.0,0.935958904109589,2920.0,0.0501515346698423,0.0501515346698423,0.3245379841979593,0.0228017000416354,0.0926957900101656,0.0018712481124248,0.8338987363243151,0.940383594562047,2747.0,0.3225,0.2775,0.685,0.937956204379562,3.580682399973739,2,conf_threshold_0.5,inference,min_confidence=0.5,377.4588737000013,,
verify:full,3200.0,0.8825,3200.0,0.94875,3200.0,0.8640625,0.0,2765.0,0.9877034358047015,2765.0,0.9462924462924462,2886.0,0.9665545921075916,0.8763993283224052,2886.0,0.9713375796178344,314.0,0.954954954954955,0.0,211.0,0.995260663507109,0.9416822429906542,2675.0,0.0709375,0.9909288824383164,2756.0,0.9910627147334182,2756.0,0.9909288824383164,2756.0,0.954954954954955,2886.0,0.0692915455540087,0.0692915455540086,0.4337848594726571,0.0361831036001443,0.1261957935175114,0.0013772900974372,0.9057552717168889,0.918411890250693,2765.0,0.625,0.5125,0.865,0.8526011560693642,8.055181200033985,0,full,inference,none,195.82942889997503,,
verify:full,3200.0,0.8846875,3200.0,0.9490625,3200.0,0.8759375,0.0,2803.0,0.987513378523011,2803.0,0.9498970487302676,2914.0,0.9683400384817212,0.8814878364981317,2914.0,0.9405594405594404,286.0,0.9560741249142072,0.0,214.0,0.9626168224299064,0.9488888888888888,2700.0,0.0703125,0.9935391241923904,2786.0,0.993590183590563,2786.0,0.9935391241923904,2786.0,0.9560741249142072,2914.0,0.0729775689847971,0.0729775689847972,0.4408814026261564,0.0371166911033625,0.1298401388930921,0.0023113013961494,0.8511560693641619,0.914535809538214,2803.0,0.6075,0.49,0.925,0.8702702702702703,10.1314335000352,1,full,inference,none,230.0071359000285,,
verify:full,3200.0,0.8990625,3200.0,0.9659375,3200.0,0.8915625,0.0,2853.0,0.9894847528916928,2853.0,0.9667808219178082,2920.0,0.9780010393209768,0.8975564922140266,2920.0,0.9571428571428572,280.0,0.972945205479452,0.0,215.0,0.9813953488372092,0.9645101663585952,2705.0,0.0525,0.993664202745512,2841.0,0.9938029673935358,2841.0,0.993664202745512,2841.0,0.972945205479452,2920.0,0.075585184251345,0.0755851842513451,0.4836971408116039,0.0388731074363936,0.1351132923043126,0.0017739565618467,0.8593930806470658,0.9138995686403478,2853.0,0.45,0.3925,0.8675,0.9106628242074928,17.63257750001503,2,full,inference,none,377.4588737000013,,
verify:no_abstain,3200.0,0.878125,3200.0,0.9534375,3200.0,0.91625,0.0,2932.0,0.9560027285129604,2932.0,0.9712404712404712,2886.0,0.9635613612925404,0.900752998829922,2886.0,0.7898089171974523,314.0,0.9930699930699932,0.0,211.0,0.995260663507109,0.9577570093457944,2675.0,0.0709375,0.9780181437543616,2866.0,0.97821716679782,2866.0,0.9780181437543616,2866.0,0.9930699930699932,2886.0,0.0661645691744974,0.0682375644413402,0.4305641723122128,0.0572463348011298,0.2226683553989399,0.0068896629656776,0.8913871350463374,0.889838159338463,2932.0,0.625,0.5125,0.865,0.8526011560693642,1.662378000037279,0,no_abstain,inference,abstain=False,195.82942889997503,,
verify:no_abstain,3200.0,0.8821875,3200.0,0.9525,3200.0,0.9259375,0.0,2963.0,0.95680053999325,2963.0,0.9728894989704872,2914.0,0.9647779479326186,0.904973804888012,2914.0,0.7447552447552448,286.0,0.991763898421414,0.0,214.0,0.9626168224299064,0.9666666666666668,2700.0,0.0703125,0.980968858131488,2890.0,0.9811235880088404,2890.0,0.980968858131488,2890.0,0.991763898421414,2914.0,0.0704356698764106,0.0708289914122659,0.4201257446200999,0.0561246407620741,0.2039848168261075,0.0069782272749554,0.8862819664902998,0.8863648701168394,2963.0,0.6075,0.49,0.925,0.8702702702702703,1.234886999998707,1,no_abstain,inference,abstain=False,230.0071359000285,,
verify:no_abstain,3200.0,0.896875,3200.0,0.970625,3200.0,0.9225,0.0,2952.0,0.9732384823848238,2952.0,0.9839041095890412,2920.0,0.978542234332425,0.9135936152888208,2920.0,0.8321428571428572,280.0,0.9948630136986302,0.0,215.0,0.9813953488372092,0.9748613678373382,2705.0,0.0525,0.9889845094664372,2905.0,0.9892535969140434,2905.0,0.989156626506024,2905.0,0.9948630136986302,2920.0,0.0777255062211469,0.0777255062211469,0.4902497933983525,0.0526360758379648,0.2046949726258258,0.0039013776784981,0.8864636709301352,0.895512976163677,2952.0,0.45,0.3925,0.8675,0.9106628242074928,2.69034939998528,2,no_abstain,inference,abstain=False,377.4588737000013,,
verify:no_arithmetic,3200.0,0.891875,3200.0,0.9578125,3200.0,0.911875,0.0,2918.0,0.9619602467443454,2918.0,0.9726264726264726,2886.0,0.967263955892488,0.9052154225231148,2886.0,0.821656050955414,314.0,0.9916839916839916,0.0,211.0,0.995260663507109,0.970467289719626,2675.0,0.0275,0.9807826694619148,2862.0,0.9809716989091396,2862.0,0.9807826694619148,2862.0,0.9916839916839916,2886.0,0.0492156946326582,0.0497686554605334,0.3030099573797125,0.0436679835528445,0.1501729271413722,0.0058939025568042,0.8858612798762425,0.9127445521116871,2918.0,0.22,0.165,0.0,,1.0861426999908872,0,no_arithmetic,inference,arithmetic=False,195.82942889997503,,
verify:no_arithmetic,3200.0,0.8934375,3200.0,0.9578125,3200.0,0.9209375,0.0,2947.0,0.9630132337970818,2947.0,0.9739190116678106,2914.0,0.9684354205766932,0.9079036364382966,2914.0,0.7937062937062938,286.0,0.9910775566231984,0.0,214.0,0.9626168224299064,0.9748148148148148,2700.0,0.0296875,0.9826869806094184,2888.0,0.9829151445150608,2888.0,0.9826869806094184,2888.0,0.9910775566231984,2914.0,0.0568004951897337,0.0568004951897337,0.3438168153419333,0.0464266122983179,0.1601362636135132,0.0067701447613311,0.863471497565801,0.906212738607348,2947.0,0.2375,0.165,0.0,,1.2998631999944337,1,no_arithmetic,inference,arithmetic=False,230.0071359000285,,
verify:no_arithmetic,3200.0,0.9053125,3200.0,0.9715625,3200.0,0.920625,0.0,2946.0,0.9745417515274948,2946.0,0.9832191780821918,2920.0,0.9788612342311628,0.915168598524763,2920.0,0.85,280.0,0.9945205479452056,0.0,215.0,0.9813953488372092,0.9829944547134936,2705.0,0.02375,0.9886363636363636,2904.0,0.9888223997138684,2904.0,0.9886363636363636,2904.0,0.9945205479452056,2920.0,0.0626284329679674,0.0626284329679675,0.4023763659773236,0.0420863065120134,0.1427309901351939,0.0040927779643079,0.871631255079531,0.9119133185595274,2946.0,0.19,0.1625,0.0,,1.8223305999999864,2,no_arithmetic,inference,arithmetic=False,377.4588737000013,,
verify:no_type_check,3200.0,0.866875,3200.0,0.930625,3200.0,0.87875,0.0,2812.0,0.9583926031294452,2812.0,0.9338184338184338,2886.0,0.9459459459459458,0.8662468681699451,2886.0,0.9012738853503184,314.0,0.9636174636174636,0.0,211.0,0.957345971563981,0.931214953271028,2675.0,0.0334375,0.9690758719884932,2781.0,0.9719038753022514,2781.0,0.9745175596308284,2781.0,0.9636174636174636,2886.0,0.0387485756272692,0.0392600091484409,0.1831480268998309,0.0376945947369425,0.1331039221654431,0.0044986142537135,0.9258328972614688,0.9196642858957756,2812.0,0.315,0.2675,0.7725,0.8705501618122977,1.1747238000389189,0,no_type_check,inference,type_check=False,195.82942889997503,,
verify:no_type_check,3200.0,0.869375,3200.0,0.9321875,3200.0,0.895,0.0,2864.0,0.9567039106145252,2864.0,0.9402882635552504,2914.0,0.9484250605745932,0.8738637230229543,2914.0,0.8496503496503497,286.0,0.9680851063829788,0.0,214.0,0.9392523364485982,0.9403703703703704,2700.0,0.024375,0.9712867777383908,2821.0,0.9739055810482504,2821.0,0.9771062271062272,2821.0,0.9680851063829788,2914.0,0.0423767911036129,0.0428184405848508,0.2023767662017187,0.0401771588229227,0.1411211463840117,0.0057267834987993,0.9065958323522486,0.9143271195109122,2864.0,0.2375,0.195,0.83,0.9006024096385542,1.3087181000155397,1,no_type_check,inference,type_check=False,230.0071359000285,,
verify:no_type_check,3200.0,0.8878125,3200.0,0.95,3200.0,0.901875,0.0,2886.0,0.965003465003465,2886.0,0.9537671232876712,2920.0,0.9593523940750948,0.8891362252663623,2920.0,0.9107142857142856,280.0,0.9797945205479452,0.0,215.0,0.9116279069767442,0.956007393715342,2705.0,0.01875,0.9734358615868576,2861.0,0.9773521781616676,2861.0,0.9804905044856111,2861.0,0.9797945205479452,2920.0,0.048017319442936,0.048017319442936,0.2551794507803402,0.0386508880639185,0.1347623774342116,0.0038566120895765,0.9162913059708124,0.9169861455605288,2886.0,0.1775,0.15,0.7975,0.9310344827586208,2.304729200026486,2,no_type_check,inference,type_check=False,377.4588737000013,,
verify:no_verification,3200.0,0.8759375,3200.0,0.939375,3200.0,0.91625,0.0,2932.0,0.9406548431105048,2932.0,0.9556479556479556,2886.0,0.9480921278789962,0.890198630583246,2886.0,0.7898089171974523,314.0,0.9930699930699932,0.0,211.0,0.957345971563981,0.955140186915888,2675.0,0.0,0.9623168178646196,2866.0,0.9651088380116568,2866.0,0.967597115608281,2866.0,0.9930699930699932,2886.0,0.0240060005738497,0.0254215866347614,0.0999133735895156,0.0445521468417727,0.1550894558545891,0.0085344930028609,0.9054203862535736,0.9173891403360388,2932.0,0.0,0.0,0.0,,1.030085499980487,0,no_verification,inference,enabled=False,195.82942889997503,,
verify:no_verification,3200.0,0.8765625,3200.0,0.939375,3200.0,0.9259375,0.0,2963.0,0.9426257171785352,2963.0,0.9584763212079616,2914.0,0.95048494129658,0.8924424675454188,2914.0,0.7447552447552448,286.0,0.991763898421414,0.0,214.0,0.9392523364485982,0.96,2700.0,0.0,0.9664359861591696,2890.0,0.9690138031052682,2890.0,0.9721164936562862,2890.0,0.991763898421414,2914.0,0.0314427596207933,0.0321130554518344,0.1574366278319247,0.0473471715807628,0.1646236734340486,0.0092840394729158,0.8889745371832943,0.9112388074719902,2963.0,0.0,0.0,0.0,,1.2162669000099413,1,no_verification,inference,enabled=False,230.0071359000285,,
verify:no_verification,3200.0,0.8928125,3200.0,0.954375,3200.0,0.9225,0.0,2952.0,0.9556233062330624,2952.0,0.9660958904109588,2920.0,0.9608310626702996,0.9017808219178084,2920.0,0.8321428571428572,280.0,0.9948630136986302,0.0,215.0,0.9116279069767442,0.9700554528650648,2705.0,0.0,0.9710843373493976,2905.0,0.974981916478526,2905.0,0.9780321285140564,2905.0,0.9948630136986302,2920.0,0.0383466458841552,0.0389477117819999,0.2066097782068962,0.0415583262957308,0.1416084118099489,0.0058062436338003,0.9032772201942356,0.9176707307840912,2952.0,0.0,0.0,0.0,,1.7345440999488346,2,no_verification,inference,enabled=False,377.4588737000013,,
